attractionId,en-attractionCategory,en_attractionName,de-attractionCategory,de_attractionName,attractionPriceAdult,gocityDayPass,gocityFlexPass,sightseeingDayPass,sightseeingFlexPass,sightseeingEconomyDayPass,sightseeingEconomyFlexPass,de_attractionAffiliateLink,en_attractionAffiliateLink,attractionImageLink,
edge,Top Attractions,Edge ,Top Attraktionen,Edge ,$47.18 ,TRUE,TRUE,TRUE,TRUE,FALSE,FALSE,https://www.getyourguide.de/edge-manhattan-l158493/nyc-edge-observation-deck-skip-the-ticket-line-optionen-t404016?partner_id=W6XD61L&utm_medium=online_publisher&cmp=passprofi,https://www.getyourguide.com/edge-manhattan-l158493/nyc-edge-observation-deck-skip-the-ticket-line-optionen-t404016?partner_id=W6XD61L&utm_medium=online_publisher&cmp=passprofi,https://nycliebe.de/wp-content/uploads/2023/03/test-image.webp,
empire,Top Attractions,Empire State Building,Top Attraktionen,Empire State Building,$53.35 ,TRUE,TRUE,TRUE,TRUE,FALSE,FALSE,https://www.getyourguide.de/empire-state-building-l2608/uberspringe-die-schlange-empire-state-building-observatory-tickets-t6195?partner_id=W6XD61L&utm_medium=online_publisher&cmp=passprofi,https://www.getyourguide.com/empire-state-building-l2608/uberspringe-die-schlange-empire-state-building-observatory-tickets-t6195?partner_id=W6XD61L&utm_medium=online_publisher&cmp=passprofi,https://nycliebe.de/wp-content/uploads/2023/03/test-image.webp,
oneworld,Top Attractions,One World Observatory ,Top Attraktionen,One World Observatory ,$47.91 ,TRUE,TRUE,TRUE,TRUE,TRUE,TRUE,https://www.getyourguide.de/new-york-l59/nyc-one-world-observatory-ticket-ohne-anstehen-t552373?partner_id=W6XD61L&utm_medium=online_publisher&cmp=passprofi,https://www.getyourguide.com/new-york-l59/nyc-one-world-observatory-ticket-ohne-anstehen-t552373?partner_id=W6XD61L&utm_medium=online_publisher&cmp=passprofi,https://nycliebe.de/wp-content/uploads/2023/03/test-image.webp,
summit,Top Attractions,SUMMIT One Vanderbilt,Top Attraktionen,SUMMIT One Vanderbilt,$54.44 ,FALSE,FALSE,FALSE,FALSE,FALSE,FALSE,https://www.getyourguide.de/new-york-l59/nyc-summit-one-vanderbilt-experience-ticket-t404501?partner_id=W6XD61L&utm_medium=online_publisher&cmp=passprofi,https://www.getyourguide.com/new-york-l59/nyc-summit-one-vanderbilt-experience-ticket-t404501?partner_id=W6XD61L&utm_medium=online_publisher&cmp=passprofi,https://nycliebe.de/wp-content/uploads/2023/03/test-image.webp,
topoftherock,Top Attractions,Top of the Rock,Top Attraktionen,Top of the Rock,$50.08 ,TRUE,TRUE,TRUE,TRUE,FALSE,FALSE,https://www.getyourguide.de/new-york-l59/new-york-city-top-of-the-rock-observation-deck-ticket-t37483?partner_id=W6XD61L&utm_medium=online_publisher&cmp=passprofi,https://www.getyourguide.com/new-york-l59/new-york-city-top-of-the-rock-observation-deck-ticket-t37483?partner_id=W6XD61L&utm_medium=online_publisher&cmp=passprofi,https://nycliebe.de/wp-content/uploads/2023/03/test-image.webp,
statuemore,Top Attractions,Statue of Liberty: Ferry + Crown/Pedestal,Top Attraktionen,Freiheitsstatue: Fähre + Krone/Sockel,$25.80 ,FALSE,FALSE,FALSE,FALSE,FALSE,FALSE,https://www.cityexperiences.com/new-york/city-cruises/statue/,https://www.cityexperiences.com/new-york/city-cruises/statue/,https://nycliebe.de/wp-content/uploads/2023/03/test-image.webp,
statueferry,Top Attractions,Statue of Liberty: Ferry zur Insel,Top Attraktionen,Freiheitsstatue: Fähre zur Insel,$25.50 ,TRUE,TRUE,TRUE,TRUE,FALSE,FALSE,https://www.getyourguide.de/new-york-l59/freiheitsstatue-ellis-island-ticket-optionen-mit-fahre-t393246?partner_id=W6XD61L&utm_medium=online_publisher&cmp=passprofi,https://www.getyourguide.com/new-york-l59/freiheitsstatue-ellis-island-ticket-optionen-mit-fahre-t393246?partner_id=W6XD61L&utm_medium=online_publisher&cmp=passprofi,https://nycliebe.de/wp-content/uploads/2023/03/test-image.webp,
hoponhopoff,Top Attractions,Hop on Hop off Bus Tour (48h),Top Attraktionen,Hop on Hop off Busfahrt (48h),$87.00 ,TRUE,TRUE,TRUE,TRUE,FALSE,FALSE,https://www.getyourguide.de/new-york-l59/new-york-hop-onhop-off-bustour-sightseeing-tour-mit-dem-open-top-bus-t52377?partner_id=W6XD61L&utm_medium=online_publisher&cmp=passprofi,https://www.getyourguide.com/new-york-l59/new-york-hop-onhop-off-bustour-sightseeing-tour-mit-dem-open-top-bus-t52377?partner_id=W6XD61L&utm_medium=online_publisher&cmp=passprofi,https://nycliebe.de/wp-content/uploads/2023/03/test-image.webp,
theride,Top Attractions,The RIDE,Top Attraktionen,The RIDE,$79.00 ,TRUE,TRUE,TRUE,TRUE,TRUE,TRUE,https://www.getyourguide.de/new-york-l59/erlebe-the-ride-in-new-york-city-t28633?partner_id=W6XD61L&utm_medium=online_publisher&cmp=passprofi,https://www.getyourguide.com/new-york-l59/erlebe-the-ride-in-new-york-city-t28633?partner_id=W6XD61L&utm_medium=online_publisher&cmp=passprofi,https://nycliebe.de/wp-content/uploads/2023/03/test-image.webp,
911museum,Top Attractions,9/11 Memorial Museum,Top Attraktionen,9/11 Memorial Museum,$33.00 ,TRUE,TRUE,TRUE,TRUE,TRUE,TRUE,https://www.getyourguide.de/911-memorial-museum-l3394/911-memorial-museum-eintritt-ohne-anstehen-t109024?partner_id=W6XD61L&utm_medium=online_publisher&cmp=passprofi,https://www.getyourguide.com/911-memorial-museum-l3394/911-memorial-museum-eintritt-ohne-anstehen-t109024?partner_id=W6XD61L&utm_medium=online_publisher&cmp=passprofi,https://nycliebe.de/wp-content/uploads/2023/03/test-image.webp,
amnh,Top Attractions,American Museum of Natural History,Top Attraktionen,American Museum of Natural History,$30.00 ,TRUE,TRUE,TRUE,TRUE,TRUE,TRUE,https://www.getyourguide.de/new-york-l59/super-spar-eintritt-ins-amerikanische-museum-fur-naturgeschichte-t25757?partner_id=W6XD61L&utm_medium=online_publisher&cmp=passprofi,https://www.getyourguide.com/new-york-l59/super-spar-eintritt-ins-amerikanische-museum-fur-naturgeschichte-t25757?partner_id=W6XD61L&utm_medium=online_publisher&cmp=passprofi,https://nycliebe.de/wp-content/uploads/2023/03/test-image.webp,
moma,Top Attractions,MoMA ,Top Attraktionen,MoMA ,$30.00 ,TRUE,TRUE,TRUE,TRUE,TRUE,TRUE,https://www.getyourguide.de/new-york-l59/tickets-ohne-anstehen-museum-of-modern-art-t14885?partner_id=W6XD61L&utm_medium=online_publisher&cmp=passprofi,https://www.getyourguide.com/new-york-l59/tickets-ohne-anstehen-museum-of-modern-art-t14885?partner_id=W6XD61L&utm_medium=online_publisher&cmp=passprofi,https://nycliebe.de/wp-content/uploads/2023/03/test-image.webp,
themet,Top Attractions,Met Museum,Top Attraktionen,Met Museum,$30.00 ,FALSE,FALSE,FALSE,FALSE,FALSE,FALSE,https://engage.metmuseum.org/admission,https://engage.metmuseum.org/admission,https://nycliebe.de/wp-content/uploads/2023/03/test-image.webp,
guggenheim,Top Attractions,Guggenheim Museum ,Top Attraktionen,Guggenheim Museum ,$30.00 ,TRUE,TRUE,TRUE,TRUE,TRUE,TRUE,https://www.getyourguide.de/new-york-l59/nyc-eintrittskarte-fur-das-guggenheim-museum-t438085?partner_id=W6XD61L&utm_medium=online_publisher&cmp=passprofi,https://www.getyourguide.com/new-york-l59/nyc-eintrittskarte-fur-das-guggenheim-museum-t438085?partner_id=W6XD61L&utm_medium=online_publisher&cmp=passprofi,https://nycliebe.de/wp-content/uploads/2023/03/test-image.webp,
whitney,Top Attractions,Whitney Museum ,Top Attraktionen,Whitney Museum ,$30.00 ,TRUE,TRUE,TRUE,TRUE,TRUE,TRUE,https://www.getyourguide.de/new-york-l59/nyc-whitney-museum-ticket-t55485?partner_id=W6XD61L&utm_medium=online_publisher&cmp=passprofi,https://www.getyourguide.com/new-york-l59/nyc-whitney-museum-ticket-t55485?partner_id=W6XD61L&utm_medium=online_publisher&cmp=passprofi,https://nycliebe.de/wp-content/uploads/2023/03/test-image.webp,
intrepid,Top Attractions,Intrepid Museum ,Top Attraktionen,Intrepid Museum ,$38.00 ,TRUE,TRUE,TRUE,TRUE,TRUE,TRUE,https://www.getyourguide.de/new-york-l59/nyc-intrepid-museum-entry-ticket-t47360?partner_id=W6XD61L&utm_medium=online_publisher&cmp=passprofi,https://www.getyourguide.com/new-york-l59/nyc-intrepid-museum-entry-ticket-t47360?partner_id=W6XD61L&utm_medium=online_publisher&cmp=passprofi,https://nycliebe.de/wp-content/uploads/2023/03/test-image.webp,
madametussauds,Top Attractions,Madame Tussauds ,Top Attraktionen,Madame Tussauds ,$50.07 ,TRUE,TRUE,TRUE,TRUE,FALSE,FALSE,https://www.getyourguide.de/new-york-l59/new-york-city-madame-tussauds-ticket-t205264?partner_id=W6XD61L&utm_medium=online_publisher&cmp=passprofi,https://www.getyourguide.com/new-york-l59/new-york-city-madame-tussauds-ticket-t205264?partner_id=W6XD61L&utm_medium=online_publisher&cmp=passprofi,https://nycliebe.de/wp-content/uploads/2023/03/test-image.webp,
landmarks,Top Attractions,"Hafenrundfahrt: Halbe Insel (1,5h) ",Top Attraktionen,"Hafenrundfahrt: Halbe Insel (1,5h) ",$45.00 ,TRUE,TRUE,TRUE,TRUE,TRUE,TRUE,https://www.getyourguide.de/new-york-l59/nyc-circle-line-15-stunden-rundfahrt-zu-den-sehenswurdigkeiten-t681/?partner_id=W6XD61L&utm_medium=online_publisher&cmp=passprofi,https://www.getyourguide.com/new-york-l59/nyc-circle-line-15-stunden-rundfahrt-zu-den-sehenswurdigkeiten-t681/?partner_id=W6XD61L&utm_medium=online_publisher&cmp=passprofi,https://nycliebe.de/wp-content/uploads/2023/03/test-image.webp,
harborlights,Top Attractions,Hafenrundfahrt: Skyline bei Nacht (2h) ,Top Attraktionen,Hafenrundfahrt: Skyline bei Nacht (2h) ,$55.00 ,TRUE,TRUE,FALSE,FALSE,FALSE,FALSE,https://www.getyourguide.de/new-york-l59/nyc-circle-line-2h-harbor-lights-cruise-skip-the-box-office-t108082?partner_id=W6XD61L&utm_medium=online_publisher&cmp=passprofi,https://www.getyourguide.com/new-york-l59/nyc-circle-line-2h-harbor-lights-cruise-skip-the-box-office-t108082?partner_id=W6XD61L&utm_medium=online_publisher&cmp=passprofi,https://nycliebe.de/wp-content/uploads/2023/03/test-image.webp,
riseny,Top Attractions,Rise NY,Top Attraktionen,Rise NY,$47.90 ,TRUE,TRUE,TRUE,TRUE,TRUE,TRUE,https://www.getyourguide.de/new-york-l59/new-york-city-riseny-experience-ticket-t369796?partner_id=W6XD61L&utm_medium=online_publisher&cmp=passprofi,https://www.getyourguide.com/new-york-l59/new-york-city-riseny-experience-ticket-t369796?partner_id=W6XD61L&utm_medium=online_publisher&cmp=passprofi,https://nycliebe.de/wp-content/uploads/2023/03/test-image.webp,
classicharborline,Boat Tours,Yacht Hafenrundfahrten,Bootsfahrten,Yacht Hafenrundfahrten,$64.00 ,FALSE,FALSE,FALSE,FALSE,FALSE,FALSE,https://sail-nyc.com/,https://sail-nyc.com/,https://nycliebe.de/wp-content/uploads/2023/03/test-image.webp,
bestofny,Boat Tours,"Ganze Insel (2,5h) ",Bootsfahrten,"Ganze Insel (2,5h) ",$52.00 ,TRUE,TRUE,FALSE,FALSE,FALSE,FALSE,https://www.getyourguide.de/new-york-l59/nyc-circle-line-25-stundige-best-of-nyc-bootsfahrt-t679?partner_id=W6XD61L&utm_medium=online_publisher&cmp=passprofi,https://www.getyourguide.com/new-york-l59/nyc-circle-line-25-stundige-best-of-nyc-bootsfahrt-t679?partner_id=W6XD61L&utm_medium=online_publisher&cmp=passprofi,https://nycliebe.de/wp-content/uploads/2023/03/test-image.webp,
statuecruise,Boat Tours,Statue of Liberty (1h) ,Bootsfahrten,Freiheitsstatue (1h) ,$34.00 ,TRUE,TRUE,TRUE,TRUE,TRUE,TRUE,https://www.getyourguide.de/new-york-l59/nyc-circle-line-1-stunden-freiheitsstatue-skip-the-line-kreuzfahrt-t684?partner_id=W6XD61L&utm_medium=online_publisher&cmp=passprofi,https://www.getyourguide.com/new-york-l59/nyc-circle-line-1-stunden-freiheitsstatue-skip-the-line-kreuzfahrt-t684?partner_id=W6XD61L&utm_medium=online_publisher&cmp=passprofi,https://nycliebe.de/wp-content/uploads/2023/03/test-image.webp,
statuecruiseexpress,Boat Tours,Statue of Liberty Express ab Downtown (50min) ,Bootsfahrten,Freiheitsstatue Express ab Downtown (50min) ,$29.00 ,TRUE,TRUE,TRUE,TRUE,TRUE,TRUE,https://www.getyourguide.de/new-york-l59/nyc-freiheitsstatue-45-minuten-rundfahrt-skip-the-box-office-t375711?partner_id=W6XD61L&utm_medium=online_publisher&cmp=passprofi,https://www.getyourguide.com/new-york-l59/nyc-freiheitsstatue-45-minuten-rundfahrt-skip-the-box-office-t375711?partner_id=W6XD61L&utm_medium=online_publisher&cmp=passprofi,https://nycliebe.de/wp-content/uploads/2023/03/test-image.webp,
statuecruisesunset,Boat Tours,"Statue of Liberty bei Sonnenuntergang (1,5h) ",Bootsfahrten,"Freiheitsstatue bei Sonnenuntergang (1,5h) ",$32.00 ,TRUE,TRUE,FALSE,FALSE,FALSE,FALSE,https://www.getyourguide.de/new-york-l59/nyc-sunset-cruise-mit-der-freiheitsstatue-skip-the-box-office-t449842?partner_id=W6XD61L&utm_medium=online_publisher&cmp=passprofi,https://www.getyourguide.com/new-york-l59/nyc-sunset-cruise-mit-der-freiheitsstatue-skip-the-box-office-t449842?partner_id=W6XD61L&utm_medium=online_publisher&cmp=passprofi,https://nycliebe.de/wp-content/uploads/2023/03/test-image.webp,
thebeast,Boat Tours,The BEAST Schnellboot (30min),Bootsfahrten,The BEAST Schnellboot (30min),$52.00 ,FALSE,TRUE,FALSE,FALSE,FALSE,FALSE,https://www.getyourguide.de/new-york-l59/beast-speedboat-ride-t683?partner_id=W6XD61L&utm_medium=online_publisher&cmp=passprofi,https://www.getyourguide.com/new-york-l59/beast-speedboat-ride-t683?partner_id=W6XD61L&utm_medium=online_publisher&cmp=passprofi,https://nycliebe.de/wp-content/uploads/2023/03/test-image.webp,
sailday,Boat Tours,"Segelfahrt am Tag (1,5h)",Bootsfahrten,"Segelfahrt am Tag (1,5h)",$68.00 ,TRUE,TRUE,TRUE,TRUE,TRUE,TRUE,https://www.getyourguide.de/new-york-l59/clipper-city-tall-ship-statue-segel-t7579?partner_id=W6XD61L&utm_medium=online_publisher&cmp=passprofi,https://www.getyourguide.com/new-york-l59/clipper-city-tall-ship-statue-segel-t7579?partner_id=W6XD61L&utm_medium=online_publisher&cmp=passprofi,https://nycliebe.de/wp-content/uploads/2023/03/test-image.webp,
sailnight,Boat Tours,"Segelfahrt am Abend (1,5h)",Bootsfahrten,"Segelfahrt am Abend (1,5h)",$68.00 ,FALSE,FALSE,TRUE,TRUE,TRUE,TRUE,https://www.getyourguide.de/new-york-l59/clipper-city-tall-ship-statue-segel-t7579?partner_id=W6XD61L&utm_medium=online_publisher&cmp=passprofi,https://www.getyourguide.com/new-york-l59/clipper-city-tall-ship-statue-segel-t7579?partner_id=W6XD61L&utm_medium=online_publisher&cmp=passprofi,https://nycliebe.de/wp-content/uploads/2023/03/test-image.webp,
libertycruise,Boat Tours,Freedom Liberty Bootsfahrt (1h),Bootsfahrten,Freedom Liberty Bootsfahrt (1h),$57.42 ,FALSE,FALSE,TRUE,TRUE,TRUE,TRUE,https://www.tiqets.com/en/new-york-attractions-c260932/tickets-for-freedom-liberty-cruise-p1077810/?partner=new_york_city_liebe-173571&tq_campaign=passprofi,https://www.tiqets.com/en/new-york-attractions-c260932/tickets-for-freedom-liberty-cruise-p1077810/?partner=new_york_city_liebe-173571&tq_campaign=passprofi,https://nycliebe.de/wp-content/uploads/2023/03/test-image.webp,
museumofsex,Museums,Museum of Sex,Museen,Museum of Sex,$43.55 ,TRUE,TRUE,FALSE,FALSE,FALSE,FALSE,https://www.getyourguide.de/new-york-l59/nyc-museum-of-sex-entry-ticket-t432140?partner_id=W6XD61L&utm_medium=online_publisher&cmp=passprofi,https://www.getyourguide.com/new-york-l59/nyc-museum-of-sex-entry-ticket-t432140?partner_id=W6XD61L&utm_medium=online_publisher&cmp=passprofi,https://nycliebe.de/wp-content/uploads/2023/03/test-image.webp,
museumofny,Museums,Museum of the City of NY,Museen,Museum of the City of NY,$23.00 ,TRUE,TRUE,TRUE,TRUE,TRUE,TRUE,https://www.tiqets.com/de/new-york-sehenswuerdigkeiten-c260932/tickets-fur-museum-of-the-city-of-new-york-p979824/?partner=new_york_city_liebe-173571&tq_campaign=passprofi,https://www.tiqets.com/en/new-york-attractions-c260932/tickets-for-museum-of-the-city-of-new-york-p979824/?partner=new_york_city_liebe-173571&tq_campaign=passprofi,https://nycliebe.de/wp-content/uploads/2023/03/test-image.webp,
historicalsociety,Museums,NY Historical Society Museum ,Museen,NY Historical Society Museum ,$24.00 ,TRUE,TRUE,TRUE,TRUE,TRUE,TRUE,https://www.tiqets.com/de/new-york-sehenswuerdigkeiten-c260932/tickets-fur-new-york-historical-society-eintrittskarte-p974707/?partner=new_york_city_liebe-173571&tq_campaign=passprofi,https://www.tiqets.com/en/new-york-attractions-c260932/tickets-for-new-york-historical-society-p974707/?partner=new_york_city_liebe-173571&tq_campaign=passprofi,https://nycliebe.de/wp-content/uploads/2023/03/test-image.webp,
museumofbroadway,Museums,Museum of Broadway,Museen,Museum of Broadway,$41.13 ,TRUE,TRUE,TRUE,TRUE,TRUE,TRUE,https://www.getyourguide.de/new-york-l59/new-york-city-museum-of-broadway-entry-ticket-t663506?partner_id=W6XD61L&utm_medium=online_publisher&cmp=passprofi,https://www.getyourguide.com/new-york-l59/new-york-city-museum-of-broadway-entry-ticket-t663506?partner_id=W6XD61L&utm_medium=online_publisher&cmp=passprofi,https://nycliebe.de/wp-content/uploads/2023/03/test-image.webp,
paleycenter,Museums,The Paley Center for Media,Museen,The Paley Center for Media,$21.50 ,TRUE,FALSE,FALSE,FALSE,FALSE,FALSE,https://www.paleycenter.org/visit-visitny/,https://www.paleycenter.org/visit-visitny/,https://nycliebe.de/wp-content/uploads/2023/03/test-image.webp,
designmuseum,Museums,Smithsonian Design Museum,Museen,Smithsonian Design Museum,$22.00 ,TRUE,FALSE,FALSE,FALSE,FALSE,FALSE,https://secure.cooperhewitt.org/events,https://secure.cooperhewitt.org/events,https://nycliebe.de/wp-content/uploads/2023/03/test-image.webp,
mercerlabs,Museums,Mercer Labs ,Museen,Mercer Labs ,$56.62 ,FALSE,FALSE,TRUE,TRUE,TRUE,TRUE,https://www.getyourguide.de/new-york-l59/nyc-mercer-labs-museum-fur-kunst-und-technologie-t683869?partner_id=W6XD61L&utm_medium=online_publisher&cmp=passprofi,https://www.getyourguide.com/new-york-l59/nyc-mercer-labs-museum-fur-kunst-und-technologie-t683869?partner_id=W6XD61L&utm_medium=online_publisher&cmp=passprofi,https://nycliebe.de/wp-content/uploads/2023/03/test-image.webp,
spyscape,Museums,Spyscape ,Museen,Spyscape ,$44.00 ,TRUE,TRUE,TRUE,TRUE,TRUE,TRUE,https://www.getyourguide.de/spyscape-l89453/new-york-spyscape-spy-museum-experience-t233642?partner_id=W6XD61L&utm_medium=online_publisher&cmp=passprofi,https://www.getyourguide.com/spyscape-l89453/new-york-spyscape-spy-museum-experience-t233642?partner_id=W6XD61L&utm_medium=online_publisher&cmp=passprofi,https://nycliebe.de/wp-content/uploads/2023/03/test-image.webp,
911workshop,Museums,9/11 Museum Workshop,Museen,9/11 Museum Workshop,$36.50 ,TRUE,TRUE,TRUE,TRUE,TRUE,TRUE,https://www.getyourguide.de/ground-zero-museum-workshop-l158559/ground-zero-museum-workshop-2-stundige-familienfreundliche-tour-t59805?partner_id=W6XD61L&utm_medium=online_publisher&cmp=passprofi,https://www.getyourguide.com/ground-zero-museum-workshop-l158559/ground-zero-museum-workshop-2-stundige-familienfreundliche-tour-t59805?partner_id=W6XD61L&utm_medium=online_publisher&cmp=passprofi,https://nycliebe.de/wp-content/uploads/2023/03/test-image.webp,
hero,Museums,Hero ,Museen,Hero ,$35.00 ,FALSE,FALSE,TRUE,TRUE,TRUE,TRUE,https://www.tiqets.com/de/hero-at-rockefeller-center-tickets-l237961/?partner=new_york_city_liebe-173571&tq_campaign=passprofi,https://www.tiqets.com/de/hero-at-rockefeller-center-tickets-l237961/?partner=new_york_city_liebe-173571&tq_campaign=passprofi,https://nycliebe.de/wp-content/uploads/2023/03/test-image.webp,
inter,Museums,INTER_ Kunst Museum,Museen,INTER_ Kunst Museum,$38.11 ,FALSE,FALSE,TRUE,TRUE,TRUE,TRUE,https://www.getyourguide.de/new-york-l59/nyc-inter_-immersive-experience-eintrittskarte-t483826?partner_id=W6XD61L&utm_medium=online_publisher&cmp=passprofi,https://www.getyourguide.com/new-york-l59/nyc-inter_-immersive-experience-eintrittskarte-t483826?partner_id=W6XD61L&utm_medium=online_publisher&cmp=passprofi,https://nycliebe.de/wp-content/uploads/2023/03/test-image.webp,
museumoficecream,Museums,Museum of Ice Cream,Museen,Museum of Ice Cream,$40.10 ,FALSE,FALSE,FALSE,FALSE,FALSE,FALSE,https://www.getyourguide.de/new-york-l59/new-york-city-museum-of-ice-cream-general-admission-ticket-t382713/?partner_id=W6XD61L&utm_medium=online_publisher&cmp=passprofi,https://www.getyourguide.com/new-york-l59/new-york-city-museum-of-ice-cream-general-admission-ticket-t382713/?partner_id=W6XD61L&utm_medium=online_publisher&cmp=passprofi,https://nycliebe.de/wp-content/uploads/2023/03/test-image.webp,
artechouse,Museums,Artechouse,Museen,Artechouse,$25.97 ,TRUE,TRUE,TRUE,TRUE,TRUE,TRUE,https://www.getyourguide.de/new-york-l59/nyc-artechouse-immersive-art-experience-eintrittskarte-t405379?partner_id=W6XD61L&utm_medium=online_publisher&cmp=passprofi,https://www.getyourguide.com/new-york-l59/nyc-artechouse-immersive-art-experience-eintrittskarte-t405379?partner_id=W6XD61L&utm_medium=online_publisher&cmp=passprofi,https://nycliebe.de/wp-content/uploads/2023/03/test-image.webp,
vessel,Experiences,Vessel,Erlebnisse,Vessel,$10.89 ,FALSE,FALSE,FALSE,FALSE,FALSE,FALSE,https://buytickets.vesselnyc.com/,https://buytickets.vesselnyc.com/,https://nycliebe.de/wp-content/uploads/2023/03/test-image.webp,
cityclimb,Experiences,City Climb (inkl. Edge),Erlebnisse,City Climb (inkl. Edge),$201.42 ,FALSE,FALSE,FALSE,FALSE,FALSE,FALSE,https://www.getyourguide.de/new-york-l59/nyc-city-climb-skyscraping-experience-ticket-t421270?partner_id=W6XD61L&utm_medium=online_publisher&cmp=passprofi,https://www.getyourguide.com/new-york-l59/nyc-city-climb-skyscraping-experience-ticket-t421270?partner_id=W6XD61L&utm_medium=online_publisher&cmp=passprofi,https://nycliebe.de/wp-content/uploads/2023/03/test-image.webp,
friends,Experiences,The FRIENDS Experience,Erlebnisse,The FRIENDS Experience,$60.00 ,FALSE,FALSE,FALSE,FALSE,FALSE,FALSE,https://www.getyourguide.de/the-friends-experience-new-york-l166837/new-york-city-das-friends-erlebnis-t407879?partner_id=W6XD61L&utm_medium=online_publisher&cmp=passprofi,https://www.getyourguide.com/the-friends-experience-new-york-l166837/new-york-city-das-friends-erlebnis-t407879?partner_id=W6XD61L&utm_medium=online_publisher&cmp=passprofi,https://nycliebe.de/wp-content/uploads/2023/03/test-image.webp,
yankeesgame,Experiences,Yankees Baseball Spiel,Erlebnisse,Yankees Baseball Spiel,$66.20 ,FALSE,FALSE,TRUE,TRUE,TRUE,TRUE,ticketmaster.evyy.net/c/4506029/264167/4272?subId1=passprofi&u=https%3A%2F%2Fwww.ticketmaster.com%2Fnew-york-yankees-tickets%2Fartist%2F805992,ticketmaster.evyy.net/c/4506029/264167/4272?subId1=passprofi&u=https%3A%2F%2Fwww.ticketmaster.com%2Fnew-york-yankees-tickets%2Fartist%2F805992,https://nycliebe.de/wp-content/uploads/2023/03/test-image.webp,
gospeltoursun,Experiences,Harlem Gospel Tour - Sonntag,Erlebnisse,Harlem Gospel Tour - Sonntag,$59.00 ,TRUE,TRUE,FALSE,FALSE,FALSE,FALSE,https://www.getyourguide.de/new-york-l59/new-york-die-schnitzeljagd-der-insider-t207918?partner_id=W6XD61L&utm_medium=online_publisher&cmp=passprofi,https://www.getyourguide.com/new-york-l59/new-york-die-schnitzeljagd-der-insider-t207918?partner_id=W6XD61L&utm_medium=online_publisher&cmp=passprofi,https://nycliebe.de/wp-content/uploads/2023/03/test-image.webp,
gospeltourwed,Experiences,Harlem Gospel - Mittwoch,Erlebnisse,Harlem Gospel - Mittwoch,$25.00 ,FALSE,FALSE,FALSE,FALSE,FALSE,FALSE,https://www.getyourguide.de/new-york-l59/nyc-harlem-hallelujah-gospel-mittwochskonzert-t461710?partner_id=W6XD61L&utm_medium=online_publisher&cmp=passprofi,https://www.getyourguide.com/new-york-l59/nyc-harlem-hallelujah-gospel-mittwochskonzert-t461710?partner_id=W6XD61L&utm_medium=online_publisher&cmp=passprofi,https://nycliebe.de/wp-content/uploads/2023/03/test-image.webp,
gospelseries,Experiences,Harlem Gospel Serie (1h) - ab April,Erlebnisse,Harlem Gospel Serie (1h) - ab April,$27.50 ,TRUE,TRUE,TRUE,TRUE,TRUE,TRUE,https://www.getyourguide.de/new-york-l59/sonntagsgospel-in-harlem-t83253?partner_id=W6XD61L&utm_medium=online_publisher&cmp=passprofi,https://www.getyourguide.com/new-york-l59/sonntagsgospel-in-harlem-t83253?partner_id=W6XD61L&utm_medium=online_publisher&cmp=passprofi,https://nycliebe.de/wp-content/uploads/2023/03/test-image.webp,
jazzseries,Experiences,Harlem Jazz Serie (1h),Erlebnisse,Harlem Jazz Serie (1h),$27.50 ,TRUE,TRUE,TRUE,TRUE,TRUE,TRUE,https://welcometoharlem.com/,https://welcometoharlem.com/,https://nycliebe.de/wp-content/uploads/2023/03/test-image.webp,
bbg,Experiences,Botanischer Garten (Brooklyn),Erlebnisse,Botanischer Garten (Brooklyn),$15.00 ,FALSE,FALSE,TRUE,TRUE,TRUE,TRUE,https://www.showclix.com/event/brooklyn-botanic-garden-admission-2025/listing,https://www.showclix.com/event/brooklyn-botanic-garden-admission-2025/listing,https://nycliebe.de/wp-content/uploads/2023/03/test-image.webp,
nybg,Experiences,Botanischer Garten (Queens),Erlebnisse,Botanischer Garten (Queens),$35.00 ,FALSE,FALSE,TRUE,TRUE,TRUE,TRUE,https://www.getyourguide.de/new-york-botanical-garden-l28321/nyc-new-york-botanical-garden-pass-mit-orchideenschau-option-t97344?partner_id=W6XD61L&utm_medium=online_publisher&cmp=passprofi,https://www.getyourguide.com/new-york-botanical-garden-l28321/nyc-new-york-botanical-garden-pass-mit-orchideenschau-option-t97344?partner_id=W6XD61L&utm_medium=online_publisher&cmp=passprofi,https://nycliebe.de/wp-content/uploads/2023/03/test-image.webp,
bronxzoo,Experiences,Bronx Zoo,Erlebnisse,Bronx Zoo,$28.95 ,FALSE,FALSE,TRUE,TRUE,TRUE,TRUE,https://www.tiqets.com/de/new-york-sehenswuerdigkeiten-c260932/tickets-fur-bronx-zoo-p975551/?partner=new_york_city_liebe-173571&tq_campaign=passprofi,https://www.tiqets.com/de/new-york-sehenswuerdigkeiten-c260932/tickets-fur-bronx-zoo-p975551/?partner=new_york_city_liebe-173571&tq_campaign=passprofi,https://nycliebe.de/wp-content/uploads/2023/03/test-image.webp,
centralparkzoo,Experiences,Central Park Zoo,Erlebnisse,Central Park Zoo,$22.95 ,FALSE,FALSE,TRUE,TRUE,TRUE,TRUE,https://www.tiqets.com/de/new-york-sehenswuerdigkeiten-c260932/tickets-fur-central-park-zoo-total-experience-p975564/?partner=new_york_city_liebe-173571&tq_campaign=passprofi,https://www.tiqets.com/de/new-york-sehenswuerdigkeiten-c260932/tickets-fur-central-park-zoo-total-experience-p975564/?partner=new_york_city_liebe-173571&tq_campaign=passprofi,https://nycliebe.de/wp-content/uploads/2023/03/test-image.webp,
nyaquarium,Experiences,NY Aquarium,Erlebnisse,NY Aquarium,$32.95 ,FALSE,FALSE,TRUE,TRUE,TRUE,TRUE,https://www.hellotickets.de/vereinigte-staaten/new-york/nyc-aquarium-tickets/sc-1-2035,https://www.hellotickets.de/vereinigte-staaten/new-york/nyc-aquarium-tickets/sc-1-2035,https://nycliebe.de/wp-content/uploads/2023/03/test-image.webp,
lunapark,Experiences,Luna Park auf Coney Island,Erlebnisse,Luna Park auf Coney Island,$75.00 ,FALSE,FALSE,TRUE,TRUE,FALSE,FALSE,https://lunaparknyc.com/,https://lunaparknyc.com/,https://nycliebe.de/wp-content/uploads/2023/03/test-image.webp,
manhattanbus,Bus Tours,Manhattan Bus Tour (5h),Bus Touren,Manhattan Bus Tour (5h),$109.00 ,FALSE,FALSE,TRUE,TRUE,TRUE,TRUE,https://www.getyourguide.de/new-york-l59/manhattan-umfangreiche-tagestour-mit-mittagessen-t6819?partner_id=W6XD61L&utm_medium=online_publisher&cmp=passprofi,https://www.getyourguide.com/de-ch/new-york-l59/manhattan-umfangreiche-tagestour-mit-mittagessen-t6819?partner_id=W6XD61L&utm_medium=online_publisher&cmp=passprofi,https://nycliebe.de/wp-content/uploads/2023/03/test-image.webp,
nightbus,Bus Tours,"Nacht Bus Tour (2,5h)",Bus Touren,"Nacht Bus Tour (2,5h)",$69.00 ,FALSE,FALSE,TRUE,TRUE,TRUE,TRUE,https://www.getyourguide.de/new-york-l59/gray-line-guided-night-tour-t815251?partner_id=W6XD61L&utm_medium=online_publisher&cmp=passprofi,https://www.getyourguide.com/de-ch/new-york-l59/gray-line-guided-night-tour-t815251?partner_id=W6XD61L&utm_medium=online_publisher&cmp=passprofi,https://nycliebe.de/wp-content/uploads/2023/03/test-image.webp,
boroughsbus,Bus Tours,"Bronx, Brooklyn, Queens Bus Tour (6h)",Bus Touren,"Bronx, Brooklyn, Queens Bus Tour (6h)",$84.00 ,TRUE,TRUE,FALSE,FALSE,FALSE,FALSE,https://www.getyourguide.de/new-york-l59/nyc-kontraste-farben-bustour-durch-bronx-brooklyn-und-queens-t400285/?partner_id=W6XD61L&utm_medium=online_publisher&cmp=passprofi,https://www.getyourguide.com/new-york-l59/nyc-kontraste-farben-bustour-durch-bronx-brooklyn-und-queens-t400285/?partner_id=W6XD61L&utm_medium=online_publisher&cmp=passprofi,https://nycliebe.de/wp-content/uploads/2023/03/test-image.webp,
tvandmoviesbus,Bus Tours,"TV and Movie Bus Tour (2,5)",Bus Touren,"TV and Movie Bus Tour (2,5)",$70.00 ,TRUE,TRUE,TRUE,TRUE,TRUE,TRUE,https://www.getyourguide.de/new-york-l59/new-york-manhattan-tv-und-film-bustour-mit-schauspieler-guide-t407076/?partner_id=W6XD61L&utm_medium=online_publisher&cmp=passprofi,https://www.getyourguide.com/new-york-l59/new-york-manhattan-tv-und-film-bustour-mit-schauspieler-guide-t407076/?partner_id=W6XD61L&utm_medium=online_publisher&cmp=passprofi,https://nycliebe.de/wp-content/uploads/2023/03/test-image.webp,
satcbus,Bus Tours,Sex and the City Bus Tour (3h),Bus Touren,Sex and the City Bus Tour (3h),$81.00 ,FALSE,FALSE,FALSE,FALSE,FALSE,FALSE,https://www.getyourguide.de/new-york-l59/sex-and-the-city-hotspots-tour-t464?partner_id=W6XD61L&utm_medium=online_publisher&cmp=passprofi,https://www.getyourguide.com/new-york-l59/sex-and-the-city-hotspots-tour-t464?partner_id=W6XD61L&utm_medium=online_publisher&cmp=passprofi,https://nycliebe.de/wp-content/uploads/2023/03/test-image.webp,
gossipgirlbus,Bus Tours,Gossip Girl Bus Tour (3h),Bus Touren,Gossip Girl Bus Tour (3h),$78.00 ,FALSE,FALSE,FALSE,FALSE,FALSE,FALSE,https://www.getyourguide.de/new-york-l59/gossip-girl-sites-tour-t514?partner_id=W6XD61L&utm_medium=online_publisher&cmp=passprofi,https://www.getyourguide.com/new-york-l59/gossip-girl-sites-tour-t514?partner_id=W6XD61L&utm_medium=online_publisher&cmp=passprofi,https://nycliebe.de/wp-content/uploads/2023/03/test-image.webp,
americandream,Bus Tours,Transfer: American Dream Mall,Bus Touren,Transfer: American Dream Mall,$39.00 ,FALSE,FALSE,TRUE,TRUE,TRUE,TRUE,https://www.getyourguide.de/new-york-l59/von-nyc-aus-hin-und-rucktransport-zur-american-dream-mall-t676551?partner_id=W6XD61L&utm_medium=online_publisher&cmp=passprofi,https://www.getyourguide.com/new-york-l59/von-nyc-aus-hin-und-rucktransport-zur-american-dream-mall-t676551?partner_id=W6XD61L&utm_medium=online_publisher&cmp=passprofi,https://nycliebe.de/wp-content/uploads/2023/03/test-image.webp,
woodbury,Bus Tours,Transfer: Woodbury Common Outlets ,Bus Touren,Transfer: Woodbury Common Outlets ,$47.00 ,FALSE,TRUE,TRUE,TRUE,FALSE,FALSE,https://www.getyourguide.de/new-york-l59/von-nyc-aus-woodbury-common-premium-outlets-shopping-tour-t450939?partner_id=W6XD61L&utm_medium=online_publisher&cmp=passprofi,https://www.getyourguide.com/new-york-l59/von-nyc-aus-woodbury-common-premium-outlets-shopping-tour-t450939?partner_id=W6XD61L&utm_medium=online_publisher&cmp=passprofi,https://nycliebe.de/wp-content/uploads/2023/03/test-image.webp,
airporttransfer,Bus Tours,"Transfer: JFK, EWR oder LGA zum Manhattan Hotel",Bus Touren,"Transfer: JFK, EWR oder LGA zum Manhattan Hotel",$34.90 ,FALSE,FALSE,TRUE,TRUE,TRUE,TRUE,https://www.getyourguide.de/new-york-l59/nyc-einweg-transfer-zumvom-flughafen-jfk-und-manhattan-t415999?partner_id=W6XD61L&utm_medium=online_publisher&cmp=passprofi,https://www.getyourguide.com/new-york-l59/nyc-einweg-transfer-zumvom-flughafen-jfk-und-manhattan-t415999?partner_id=W6XD61L&utm_medium=online_publisher&cmp=passprofi,https://nycliebe.de/wp-content/uploads/2023/03/test-image.webp,
dykerheights,Bus Tours,Dyker Heights Holiday Lights Tour,Bus Touren,Dyker Heights Holiday Lights Tour,$79.00 ,FALSE,FALSE,TRUE,TRUE,TRUE,TRUE,https://www.getyourguide.de/new-york-l59/new-yorker-weihnachtslichter-in-dyker-heights-t58158?partner_id=W6XD61L&utm_medium=online_publisher&cmp=passprofi,https://www.getyourguide.com/new-york-l59/new-yorker-weihnachtslichter-in-dyker-heights-t58158?partner_id=W6XD61L&utm_medium=online_publisher&cmp=passprofi,https://nycliebe.de/wp-content/uploads/2023/03/test-image.webp,
bikerentalcp,Bicycle,Central Park Fahrradverleih (1 Tag),Fahrrad,Central Park Fahrradverleih (1 Tag),$45.00 ,TRUE,TRUE,FALSE,FALSE,FALSE,FALSE,https://www.getyourguide.de/new-york-l59/nyc-central-park-fahrradverleih-t19274?partner_id=W6XD61L&utm_medium=online_publisher&cmp=passprofi,https://www.getyourguide.com/new-york-l59/nyc-central-park-fahrradverleih-t19274?partner_id=W6XD61L&utm_medium=online_publisher&cmp=passprofi,https://nycliebe.de/wp-content/uploads/2023/03/test-image.webp,
bikerentalbb,Bicycle,Brooklyn Bridge Fahrradverleih (1 Tag),Fahrrad,Brooklyn Bridge Fahrradverleih (1 Tag),$48.99 ,TRUE,TRUE,FALSE,FALSE,FALSE,FALSE,https://www.getyourguide.de/lower-manhattan-l3519/brooklyn-bridge-fahrradverleih-t37592?partner_id=W6XD61L&utm_medium=online_publisher&cmp=passprofi,https://www.getyourguide.com/lower-manhattan-l3519/brooklyn-bridge-fahrradverleih-t37592?partner_id=W6XD61L&utm_medium=online_publisher&cmp=passprofi,https://nycliebe.de/wp-content/uploads/2023/03/test-image.webp,
pedicabcentralpark,Bicycle,Central Park Pedicab Tour (1h),Fahrrad,Central Park Pedicab Tour (1h),$50.00 ,FALSE,FALSE,TRUE,TRUE,FALSE,FALSE,https://www.getyourguide.de/new-york-l59/new-york-private-rikscha-tour-durch-den-central-park-t346276?partner_id=W6XD61L&utm_medium=online_publisher&cmp=passprofi,https://www.getyourguide.com/new-york-l59/new-york-private-rikscha-tour-durch-den-central-park-t346276?partner_id=W6XD61L&utm_medium=online_publisher&cmp=passprofi,https://nycliebe.de/wp-content/uploads/2023/03/test-image.webp,
biketourbb,Bicycle,Brooklyn Bridge Bike Tour (2h),Fahrrad,Brooklyn Bridge Bike Tour (2h),$48.99 ,TRUE,TRUE,TRUE,TRUE,TRUE,TRUE,https://www.getyourguide.de/brooklyn-l2034/brooklyn-bridge-neighborhood-bike-tour-t10053?partner_id=W6XD61L&utm_medium=online_publisher&cmp=passprofi,https://www.getyourguide.com/brooklyn-l2034/brooklyn-bridge-neighborhood-bike-tour-t10053?partner_id=W6XD61L&utm_medium=online_publisher&cmp=passprofi,https://nycliebe.de/wp-content/uploads/2023/03/test-image.webp,
biketourcp,Bicycle,Central Park Bike Tour (2h),Fahrrad,Central Park Bike Tour (2h),$63.18 ,TRUE,TRUE,FALSE,FALSE,FALSE,FALSE,https://www.getyourguide.de/new-york-l59/central-park-sightseeing-bike-tours-t12588?partner_id=W6XD61L&utm_medium=online_publisher&cmp=passprofi,https://www.getyourguide.com/new-york-l59/central-park-sightseeing-bike-tours-t12588?partner_id=W6XD61L&utm_medium=online_publisher&cmp=passprofi,https://nycliebe.de/wp-content/uploads/2023/03/test-image.webp,
biketourhighlights,Bicycle,New York Highlights Bike Tour (3h),Fahrrad,New York Highlights Bike Tour (3h),$86.16 ,TRUE,TRUE,FALSE,FALSE,FALSE,FALSE,https://www.getyourguide.de/new-york-l59/die-new-york-city-fahrradtour-t48813?partner_id=W6XD61L&utm_medium=online_publisher&cmp=passprofi,https://www.getyourguide.com/new-york-l59/die-new-york-city-fahrradtour-t48813?partner_id=W6XD61L&utm_medium=online_publisher&cmp=passprofi,https://nycliebe.de/wp-content/uploads/2023/03/test-image.webp,
radiocitytour,Guided Tours,Radio City Music Hall Tour,Geführte Touren,Radio City Music Hall Tour,$42.00 ,TRUE,TRUE,TRUE,TRUE,TRUE,TRUE,https://www.getyourguide.de/new-york-l59/new-york-radio-city-stage-door-tour-ticket-t179495?partner_id=W6XD61L&utm_medium=online_publisher&cmp=passprofi,https://www.getyourguide.com/new-york-l59/new-york-radio-city-stage-door-tour-ticket-t179495?partner_id=W6XD61L&utm_medium=online_publisher&cmp=passprofi,https://nycliebe.de/wp-content/uploads/2023/03/test-image.webp,
rockefellertour,Guided Tours,Rockefeller Center Tour ,Geführte Touren,Rockefeller Center Tour ,$29.40 ,TRUE,TRUE,TRUE,TRUE,TRUE,TRUE,https://www.getyourguide.de/new-york-l59/nyc-rockefeller-center-tour-mit-optionalem-top-of-the-rock-t824427?partner_id=W6XD61L&utm_medium=online_publisher&cmp=passprofi,https://www.getyourguide.de/new-york-l59/nyc-rockefeller-center-tour-mit-optionalem-top-of-the-rock-t824427?partner_id=W6XD61L&utm_medium=online_publisher&cmp=passprofi,https://nycliebe.de/wp-content/uploads/2023/03/test-image.webp,
stpatrickstour,Guided Tours,St. Patrick’s Cathedral Tour,Geführte Touren,St. Patrick’s Cathedral Tour,$19.99 ,TRUE,TRUE,TRUE,TRUE,TRUE,TRUE,https://www.getyourguide.de/new-york-l59/nyc-st-patrick-s-cathedral-offizieller-audioguide-t723377/?partner_id=W6XD61L&utm_medium=online_publisher&cmp=passprofi,https://www.getyourguide.com/new-york-l59/nyc-st-patrick-s-cathedral-offizieller-audioguide-t723377/?partner_id=W6XD61L&utm_medium=online_publisher&cmp=passprofi,https://nycliebe.de/wp-content/uploads/2023/03/test-image.webp,
grandcentraltour,Guided Tours,Grand Central Terminal Tour,Geführte Touren,Grand Central Terminal Tour,$35.00 ,FALSE,FALSE,TRUE,TRUE,FALSE,FALSE,https://www.takewalks.com/new-york-tours/grand-central-terminal-tour,https://www.takewalks.com/new-york-tours/grand-central-terminal-tour,https://nycliebe.de/wp-content/uploads/2023/03/test-image.webp,
msgtour,Guided Tours,Madison Square Garden Tour,Geführte Touren,Madison Square Garden Tour,$46.00 ,TRUE,TRUE,TRUE,TRUE,TRUE,TRUE,https://www.getyourguide.de/new-york-l59/new-york-madison-square-garden-all-access-tour-ticket-t179501?partner_id=W6XD61L&utm_medium=online_publisher&cmp=passprofi,https://www.getyourguide.com/new-york-l59/new-york-madison-square-garden-all-access-tour-ticket-t179501?partner_id=W6XD61L&utm_medium=online_publisher&cmp=passprofi,https://nycliebe.de/wp-content/uploads/2023/03/test-image.webp,
yankeestour,Guided Tours,Yankees Stadium Tour,Geführte Touren,Yankees Stadium Tour,$41.10 ,TRUE,TRUE,TRUE,TRUE,TRUE,TRUE,https://ticketmaster.evyy.net/c/4506029/264167/4272?subId1=passprofi&u=https%3A%2F%2Fwww.ticketmaster.com%2Fyankee-stadium-tours-tickets%2Fartist%2F875284,https://ticketmaster.evyy.net/c/4506029/264167/4272?subId1=passprofi&u=https%3A%2F%2Fwww.ticketmaster.com%2Fyankee-stadium-tours-tickets%2Fartist%2F875284,https://nycliebe.de/wp-content/uploads/2023/03/test-image.webp,
carnegietour,Guided Tours,Carnegie Hall Tour,Geführte Touren,Carnegie Hall Tour,$24.00 ,TRUE,TRUE,FALSE,FALSE,FALSE,FALSE,https://www.carnegiehall.org/Visit/Tour/Tours,https://www.carnegiehall.org/Visit/Tour/Tours,https://nycliebe.de/wp-content/uploads/2023/03/test-image.webp,
catacombstour,Guided Tours,"Katakomben bei Kerzenlicht Tour (1,25h)",Geführte Touren,"Katakomben bei Kerzenlicht Tour (1,25h)",$37.00 ,TRUE,TRUE,FALSE,FALSE,FALSE,FALSE,https://fever.pxf.io/3Jy1Wy,https://fever.pxf.io/3Jy1Wy,https://nycliebe.de/wp-content/uploads/2023/03/test-image.webp,
foodtour,Guided Tours,"Food Tour (3,5h)",Geführte Touren,"Food Tour (3,5h)",$62.54 ,TRUE,TRUE,TRUE,TRUE,FALSE,FALSE,https://www.viator.com/tours/New-York-City/Midtown-Mix-Guided-Food-Tour-New-York-Food-On-Foot-Tours/d687-21115P18,https://www.viator.com/tours/New-York-City/Midtown-Mix-Guided-Food-Tour-New-York-Food-On-Foot-Tours/d687-21115P18,https://nycliebe.de/wp-content/uploads/2023/03/test-image.webp,
brooklynbridgetour,Guided Tours,Brooklyn Bridge und DUMBO Tour (2.5h),Geführte Touren,Brooklyn Bridge und DUMBO Tour (2.5h),$49.00 ,TRUE,TRUE,TRUE,TRUE,TRUE,TRUE,https://www.getyourguide.de/brooklyn-l2034/brooklyn-bridge-und-dumbo-2-stundiger-rundgang-in-nyc-t21767/?partner_id=W6XD61L&utm_medium=online_publisher&cmp=passprofi,https://www.getyourguide.com/brooklyn-l2034/brooklyn-bridge-und-dumbo-2-stundiger-rundgang-in-nyc-t21767/?partner_id=W6XD61L&utm_medium=online_publisher&cmp=passprofi,https://nycliebe.de/wp-content/uploads/2023/03/test-image.webp,
wallstreettour,Guided Tours,The Wall Street Tour (2h),Geführte Touren,The Wall Street Tour (2h),$49.00 ,TRUE,TRUE,TRUE,TRUE,TRUE,TRUE,https://www.getyourguide.de/new-york-l59/new-york-city-tour-von-der-wall-street-zum-world-trade-center-t410386?partner_id=W6XD61L&utm_medium=online_publisher&cmp=passprofi,https://www.getyourguide.com/new-york-l59/new-york-city-tour-von-der-wall-street-zum-world-trade-center-t410386?partner_id=W6XD61L&utm_medium=online_publisher&cmp=passprofi,https://nycliebe.de/wp-content/uploads/2023/03/test-image.webp,
harlemgospeltour,Guided Tours,Harlem Gospel Experience Tour (3.5h),Geführte Touren,Harlem Gospel Experience Tour (3.5h),$59.00 ,FALSE,FALSE,TRUE,TRUE,TRUE,TRUE,https://www.getyourguide.de/new-york-l59/new-york-die-schnitzeljagd-der-insider-t207918/?partner_id=W6XD61L&utm_medium=online_publisher&cmp=passprofi,https://www.getyourguide.com/new-york-l59/new-york-die-schnitzeljagd-der-insider-t207918/?partner_id=W6XD61L&utm_medium=online_publisher&cmp=passprofi,https://nycliebe.de/wp-content/uploads/2023/03/test-image.webp,
slaverytour,Guided Tours,"NYC Slavery and Underground Railroad Tour (2,5h)",Geführte Touren,"NYC Slavery and Underground Railroad Tour (2,5h)",$49.00 ,FALSE,FALSE,TRUE,TRUE,TRUE,TRUE,https://www.getyourguide.de/new-york-l59/new-york-city-sklaverei-und-underground-railroad-tour-t21747?partner_id=W6XD61L&utm_medium=online_publisher&cmp=passprofi,https://www.getyourguide.com/new-york-l59/new-york-city-sklaverei-und-underground-railroad-tour-t21747?partner_id=W6XD61L&utm_medium=online_publisher&cmp=passprofi,https://nycliebe.de/wp-content/uploads/2023/03/test-image.webp,
statuetour,Guided Tours,Secrets of the Statue of Liberty and Ellis Island Walking Tour (4h),Geführte Touren,Secrets of the Statue of Liberty and Ellis Island Walking Tour (4h),$79.00 ,FALSE,TRUE,FALSE,FALSE,FALSE,FALSE,https://www.getyourguide.de/new-york-l59/geheimnisse-der-freiheitsstatue-und-ellis-island-t124631?partner_id=W6XD61L&utm_medium=online_publisher&cmp=passprofi,https://www.getyourguide.com/new-york-l59/geheimnisse-der-freiheitsstatue-und-ellis-island-t124631?partner_id=W6XD61L&utm_medium=online_publisher&cmp=passprofi,https://nycliebe.de/wp-content/uploads/2023/03/test-image.webp,
tvandmoviestour,Guided Tours,Central Park TV and Movie Sites Tour (2h),Geführte Touren,Central Park TV and Movie Sites Tour (2h),$36.00 ,TRUE,TRUE,TRUE,TRUE,FALSE,FALSE,https://www.getyourguide.de/new-york-city-l59/central-park-movie-sites-walking-tour-t516/?partner_id=W6XD61L&utm_medium=online_publisher&cmp=passprofi,https://www.getyourguide.com/new-york-city-l59/central-park-movie-sites-walking-tour-t516/?partner_id=W6XD61L&utm_medium=online_publisher&cmp=passprofi,https://nycliebe.de/wp-content/uploads/2023/03/test-image.webp,
broadwaytour,Guided Tours,"Broadway and Times Square Walking Tour (1,75h)",Geführte Touren,"Broadway and Times Square Walking Tour (1,75h)",$39.00 ,TRUE,TRUE,FALSE,FALSE,FALSE,FALSE,https://www.getyourguide.de/new-york-city-l59/2-hour-broadway-walking-tour-in-new-york-t18792/?partner_id=W6XD61L&utm_medium=online_publisher&cmp=passprofi,https://www.getyourguide.com/new-york-city-l59/2-hour-broadway-walking-tour-in-new-york-t18792/?partner_id=W6XD61L&utm_medium=online_publisher&cmp=passprofi,https://nycliebe.de/wp-content/uploads/2023/03/test-image.webp,
sohotour,Guided Tours,"SoHo, Little Italy, Chinatown Tour (2h)",Geführte Touren,"SoHo, Little Italy, Chinatown Tour (2h)",$39.00 ,TRUE,TRUE,FALSE,FALSE,FALSE,FALSE,https://www.getyourguide.de/new-york-l59/soho-little-italy-und-chinatown-guided-tour-t514924?partner_id=W6XD61L&utm_medium=online_publisher&cmp=passprofi,https://www.getyourguide.com/new-york-l59/soho-little-italy-und-chinatown-guided-tour-t514924?partner_id=W6XD61L&utm_medium=online_publisher&cmp=passprofi,https://nycliebe.de/wp-content/uploads/2023/03/test-image.webp,
brooklyntour,Guided Tours,Best of Brooklyn Walking Tour (2h),Geführte Touren,Best of Brooklyn Walking Tour (2h),$32.00 ,FALSE,FALSE,TRUE,TRUE,TRUE,TRUE,https://www.brooklynunpluggedtours.com/tours,https://www.brooklynunpluggedtours.com/tours,https://nycliebe.de/wp-content/uploads/2023/03/test-image.webp,
graffititour,Guided Tours,Graffiti & Street Art Walking Tour of Brooklyn (2h),Geführte Touren,Graffiti & Street Art Walking Tour of Brooklyn (2h),$32.00 ,FALSE,FALSE,TRUE,TRUE,TRUE,TRUE,https://tourthemetropolis.com/,https://tourthemetropolis.com/,https://nycliebe.de/wp-content/uploads/2023/03/test-image.webp,
lowermanhattantour,Guided Tours,Lower Manhattan Walking Tour (4h),Geführte Touren,Lower Manhattan Walking Tour (4h),$68.00 ,FALSE,FALSE,TRUE,TRUE,TRUE,TRUE,https://tourthemetropolis.com/,https://tourthemetropolis.com/,https://nycliebe.de/wp-content/uploads/2023/03/test-image.webp,
groundzerotour,Guided Tours,"9/11 Ground Zero Walking Tour (1,5h)",Geführte Touren,"9/11 Ground Zero Walking Tour (1,5h)",$37.00 ,FALSE,FALSE,TRUE,TRUE,TRUE,TRUE,https://www.getyourguide.de/new-york-l59/die-ground-zero-walking-guided-tour-t496286?partner_id=W6XD61L&utm_medium=online_publisher&cmp=passprofi,https://www.getyourguide.com/new-york-l59/die-ground-zero-walking-guided-tour-t496286?partner_id=W6XD61L&utm_medium=online_publisher&cmp=passprofi,https://nycliebe.de/wp-content/uploads/2023/03/test-image.webp,
harlemhiphoptour,Guided Tours,Harlem Hip Hop Tour (2h),Geführte Touren,Harlem Hip Hop Tour (2h),$50.00 ,FALSE,FALSE,TRUE,TRUE,TRUE,TRUE,https://www.getyourguide.de/new-york-l59/walk-this-way-harlem-hip-hop-rundgang-t26481?partner_id=W6XD61L&utm_medium=online_publisher&cmp=passprofi,https://www.getyourguide.com/new-york-l59/walk-this-way-harlem-hip-hop-rundgang-t26481?partner_id=W6XD61L&utm_medium=online_publisher&cmp=passprofi,https://nycliebe.de/wp-content/uploads/2023/03/test-image.webp,
centralparktour,Guided Tours,Central Park Walking Tour (2h),Geführte Touren,Central Park Walking Tour (2h),$25.00 ,FALSE,FALSE,TRUE,TRUE,TRUE,TRUE,https://www.getyourguide.de/new-york-l59/new-york-city-central-park-rundgang-t178613/?partner_id=W6XD61L&utm_medium=online_publisher&cmp=passprofi,https://www.getyourguide.com/new-york-l59/new-york-city-central-park-rundgang-t178613/?partner_id=W6XD61L&utm_medium=online_publisher&cmp=passprofi,https://nycliebe.de/wp-content/uploads/2023/03/test-image.webp,
marveltour,Guided Tours,Marvel & DC Superheroes Walking Tour (2h),Geführte Touren,Marvel & DC Superheroes Walking Tour (2h),,$39.00 ,TRUE,TRUE,FALSE,FALSE,FALSE,https://www.getyourguide.de/new-york-l59/superhelden-von-new-york-tour-t75339?partner_id=W6XD61L&utm_medium=online_publisher&cmp=passprofi,FALSE,https://www.getyourguide.com/new-york-l59/superhelden-von-new-york-tour-t75339?partner_id=W6XD61L&utm_medium=online_publisher&cmp=passprofi,https://nycliebe.de/wp-content/uploads/2023/03/test-image.webp
